,name,alias,ra,dec,refs,discovery_date,z,hasPhot,hasSpec,json_path
0,SDSS J1311,"['ZTF 18abxftqm', 'SDSS J1311']",197d50m30s,-1d23m46s,"['2010ApJ...722.1035M', '2017ApJ...838..149A', '2023PASP..135c4101G', '2018ATel12263....1V']",2004-02-28 00:00:00.000,0.18,False,False,/home/nfranz/astro-otter/otterdb/.otter/SDSS-J1311.json
1,2019pqt,"['Gaia19dya', '2019pqt', 'MAXI J1807+132']",272d01m53.235s,13d15m05.4s,"['2017ATel10216....1K', '2011ApJ...737..103S', '2017ApJ...835...64G', '2017ATel.9988....1N', '2021MNRAS.501..261A', '2023PASP..135c4101G', '2019TNSTR1760....1H']",2017-03-27 00:00:00.000,,True,False,/home/nfranz/astro-otter/otterdb/.otter/MAXI-J1807+132.json
2,SDSSJ1323,"['SDSS J1323', 'SDSSJ1323']",200d55m29.55s,48d27m01.26s,"['2017ApJ...838..149A', '2016A&A...594A..13P', '2007A&A...462L..49E', '2017ApJ...835...64G', '2017IAUS..324..123S', '2023PASP..135c4101G']",2003-12-02 00:00:00.000,0.08754,True,False,/home/nfranz/astro-otter/otterdb/.otter/SDSSJ1323.json
3,SRGE J013204.6+122236,['SRGE J013204.6+122236'],23d01m07.23s,12d22m35.6232s,"['2021MNRAS.508.3820S', '2023PASP..135c4101G']",2020-07-08 00:00:00.000,0.132,False,False,/home/nfranz/astro-otter/otterdb/.otter/SRGE-J013204.6+122236.json
4,AT2016ezh,"['AT 2016ezh', 'SN2016ezh', 'AT2016ezh', 'PS16dtm (2016ezh)', 'CSS160902:015805-005222', 'PS16dtm']",29d31m15s,-0d52m22s,"['2017arXiv170307816B', '2017ApJ...843..106B', '2016A&A...594A..13P', '2014Ap&SS.354...89B', '2011ApJ...737..103S', 'ASAS-SN Supernovae', 'MAST', '2017ApJ...835...64G', '2000A&AS..143....9W', '2017NatAs...1..865K', '2021ApJ...910...83H', '2023PASP..135c4101G', '2016TNSTR.562....1C', '2023arXiv230813595C']",2016-08-26 15:07:12.000,0.08,True,False,/home/nfranz/astro-otter/otterdb/.otter/AT2016ezh.json
5,2022exr,"['ATLAS22jix', 'ZTF22aadgefj', '2022exr', 'Gaia22cgf', 'AT2022exr']",262d27m37.66464s,25d50m31.79148s,"['2022TNSCR1202....1H', '2024MNRAS.527.2452M', '2022TNSTR.743....1T']",59658.61201,0.0955,True,False,/home/nfranz/astro-otter/otterdb/.otter/AT2022exr.json
6,2021crk,"['2021crk', 'ATLAS21hdc', 'ZTF21aakfqwq', 'PS21cpw', 'AT2021crk']",176d16m43.61088s,18d32m25.32408s,"['2022ApJ...925...67L', '2024MNRAS.527.2452M', '2021TNSTR.422....1F', '2023TNSCR2004....1Y']",59252.48956019676,0.155,True,False,/home/nfranz/astro-otter/otterdb/.otter/AT2021crk.json
7,SDSSJ0748,"['SDSS J0748', 'SDSSJ0748']",117d05m10.05s,47d12m14.23s,"['2017ApJ...838..149A', '2016A&A...594A..13P', '2012ApJ...749..115W', '2017ApJ...835...64G', '2011ApJ...740...85W', '2023PASP..135c4101G']",2003-10-23 00:00:00.000,0.0615,True,False,/home/nfranz/astro-otter/otterdb/.otter/SDSSJ0748.json
8,2017bcc,"['ZTF20aacbwbm', '2017bcc', 'SN 2017bcc', 'SN2017bcc', 'AT2017bcc', 'PS17bgn']",172d58m15.6s,29d59m45.24s,"['2016A&A...594A..13P', '2011ApJ...737..103S', '2017ApJ...835...64G', '2017ATel11049....1S', '2023PASP..135c4101G', '2017TNSTR.220....1C', '2017TNSCR.221....1B']",2017-02-18 00:00:00.000,0.133,True,False,/home/nfranz/astro-otter/otterdb/.otter/SN2017bcc.json
9,2016fnl,"['2016fnl', 'iPTF 16fnl', 'iPTF-16fnl', 'AT2016fnl', 'iPTF16fnl']",7d29m15.6s,32d53m37.5s,"['2017ApJ...844...46B', '2017ApJ...838..149A', '2016ATel.9433....1G', '2016A&A...594A..13P', '2011ApJ...737..103S', 'MAST', '2017ApJ...835...64G', '2000A&AS..143....9W', '2024MNRAS.527.2452M', '2017MNRAS.471.1694W', '2023PASP..135c4101G', '2023arXiv230813595C', '2016TNSTR.611....1K', '2016TNSCR.615....1Y']",2016-08-26 00:00:00.000,0.0163,True,False,/home/nfranz/astro-otter/otterdb/.otter/iPTF16fnl.json
10,2022cmc,"['2022cmc', 'ZTF22aaajecp', 'AT2022cmc']",203d40m48.105s,33d13m00.54s,"['2022Natur.612..430A', '2022TNSTR.397....1A', '2023MNRAS.521..389R']",59621.45,1.19325,True,False,/home/nfranz/astro-otter/otterdb/.otter/AT2022cmc.json
11,2018lni,"['2018lni', 'ZTF18actaqdw', 'AT2018lni']",62d24m24.7824s,73d53m41.658s,"['2021ApJ...908....4V', '2024MNRAS.527.2452M', '2023ApJ...957...86H', '2019TNSTR.379....1F']",58450.37,0.138,True,False,/home/nfranz/astro-otter/otterdb/.otter/AT2018lni.json
12,3XMM J215022.4-055108,['3XMM J215022.4-055108'],327d35m30s,-5d51m08s,"['2018NatAs...2..656L', '2023PASP..135c4101G']",2005-05-01 00:00:00.000,0.055,False,False,/home/nfranz/astro-otter/otterdb/.otter/3XMM-J215022.4-055108.json
13,2020mot,"['Gaia20ead', '2020mot', 'ZTF20abfcszi', 'AT2020mot']",7d48m23.8212s,85d00m31.9644s,"['2023ApJ...942....9H', '2024MNRAS.527.2452M', '2023ApJ...955L...6Y', '2020TNSTR1791....1F', '2020TNSCR2478....1H']",59014.39380790509,0.07,True,False,/home/nfranz/astro-otter/otterdb/.otter/AT2020mot.json
14,PTF09djl,"['PTF 09djl', 'PTF-09djl', 'PTF09djl']",248d28m59.1s,30d14m16.3s,"['2017ApJ...838..149A', '2016A&A...594A..13P', '2014ApJ...793...38A', '2011ApJ...737..103S', '2010ApJ...721..777A', '2017ApJ...835...64G', '2012PASP..124..668Y', '2000A&AS..143....9W', '2024MNRAS.527.2452M', '2017MNRAS.471.1694W', '2017MNRAS.472L..99L', '2023PASP..135c4101G']",2009-07-24 00:00:00.000,0.184,True,False,/home/nfranz/astro-otter/otterdb/.otter/PTF09djl.json
15,ASASSN-14ae,"['iPTF14aiv', 'ASASSN-14ae']",167d10m01.65s,34d05m52.4s,"['2017ApJ...838..149A', '2016A&A...594A..13P', '2014MNRAS.445.3263H', '2014ApJ...793...38A', '2014ATel.5831....1P', '2011ApJ...737..103S', 'ASAS-SN Supernovae', 'MAST', '2017ApJ...835...64G', '2012PASP..124..668Y', '2000A&AS..143....9W', '2024MNRAS.527.2452M', '2017MNRAS.471.1694W', '2023PASP..135c4101G', '2023arXiv230813595C']",2014-01-25 12:14:24.000,0.043671,True,False,/home/nfranz/astro-otter/otterdb/.otter/ASASSN-14ae.json
16,iPTF16axa,"['iPTF-16axa', 'iPTF 16axa', 'iPTF16axa']",255d53m35.4s,30d35m36.8s,"['2017ApJ...842...29H', '2016A&A...594A..13P', '2011ApJ...737..103S', '2017ApJ...835...64G', '2000A&AS..143....9W', '2024MNRAS.527.2452M', '2017MNRAS.471.1694W', '2023PASP..135c4101G', '2023arXiv230813595C']",2016-05-29 00:00:00.000,0.108,True,False,/home/nfranz/astro-otter/otterdb/.otter/iPTF16axa.json
17,Gaia 16ajq,['Gaia 16ajq'],223d15m30s,42d21m28s,"['2016TNSTR.480....1D', '2017IAUS..324..127W', '2023PASP..135c4101G']",2016-03-29 00:00:00.000,0.28,False,False,/home/nfranz/astro-otter/otterdb/.otter/Gaia-16ajq.json
18,2021sdu,"['ATLAS21bbpg', 'ZTF21abjrysr', '2021sdu', 'AT2021sdu']",17d50m57.7284s,50d34m29.70912s,"['2022ApJ...925...67L', '2024MNRAS.527.2452M', '2021TNSTR2318....1M', '2021TNSCR2712....1C', ' 2023TNSCR2004....1Y']",59400.40732640046,0.059,True,False,/home/nfranz/astro-otter/otterdb/.otter/AT2021sdu.json
19,J142401,['J142401'],216d00m24.9s,29d50m28.4s,"['2018arXiv180205105W', '2016A&A...594A..13P', '2011ApJ...737..103S', '2017ApJ...835...64G', '2018MNRAS.477.2943W', '2023PASP..135c4101G']",2009-04-26 00:00:00.000,0.0855,True,False,/home/nfranz/astro-otter/otterdb/.otter/J142401.json
20,RX J1242-11A,['RX J1242-11A'],190d39m38.25s,-11d19m20.8s,"['2017ApJ...838..149A', '2016A&A...594A..13P', '2011ApJ...737..103S', '1999A&A...349L..45K', 'MAST', '2017ApJ...835...64G', '2000A&A...362L..25G', '2023PASP..135c4101G']",1992-07-15 00:00:00.000,0.05,True,False,/home/nfranz/astro-otter/otterdb/.otter/RX-J1242-11A.json
21,NGC 247,['NGC 247'],11d47m09.6s,-20d45m36s,"['2017ApJ...838..149A', '2016A&A...594A..13P', '2015ApJ...807..185F', '2011ApJ...737..103S', '2017ApJ...835...64G', '2011ApJ...737...87J', '2023PASP..135c4101G']",2014-07-01 00:00:00.000,0.000531,False,False,/home/nfranz/astro-otter/otterdb/.otter/NGC-247.json
22,2019ehz,"['ZTF19aarioci', 'Gaia19bpt', '2019ehz', 'AT2019ehz']",212d25m28.6212s,55d29m27.78s,"['2021ApJ...908....4V', '2024MNRAS.527.2452M', '2023ApJ...957...86H', '2019TNSTR.673....1D', '2023arXiv230813595C', '2019TNSCR1737....1V']",58602.28498842593,0.074,True,False,/home/nfranz/astro-otter/otterdb/.otter/AT2019ehz.json
23,2020vwl,"['ATLAS20bdgk', 'Gaia20etp', '2020vwl', 'ZTF20achpcvt', 'AT2020vwl']",232d39m27s,26d58m56.9s,"['2023MNRAS.522.5084G', '2022ApJ...925...67L', '2024MNRAS.527.2452M', '2020TNSTR3089....1H', '2021TNSCR.159....1H', ' 2023TNSCR2004....1Y']",59132.73,0.0325,True,False,/home/nfranz/astro-otter/otterdb/.otter/AT2020vwl.json
24,2020zeb,"['2020zeb', 'Gaia20fct', 'AT 2020ual', 'ASASSN-20mi']",318d55m04.65s,-49d04m36s,"['ASAS-SN Supernovae', '2020TNSTR3418....1H']",2020-09-23 00:14:24.000,,True,False,/home/nfranz/astro-otter/otterdb/.otter/ASASSN-20mi.json
25,J130819,['J130819'],197d04m46.8s,43d45m25.6s,"['2018arXiv180205105W', '2016A&A...594A..13P', '2011ApJ...737..103S', '2017ApJ...835...64G', '2018MNRAS.477.2943W', '2023PASP..135c4101G']",2009-04-14 00:00:00.000,0.0365,True,False,/home/nfranz/astro-otter/otterdb/.otter/J130819.json
26,J233454,['J233454'],353d43m31.05s,14d57m12.8s,"['2017arXiv171104577K', '2016A&A...594A..13P', '2011ApJ...737..103S', '2017ApJ...835...64G', '2017NatAs...1..865K', '2019ApJ...871...15J', '2023PASP..135c4101G']",,0.107,False,False,/home/nfranz/astro-otter/otterdb/.otter/J233454.json
27,CNSS J0019+00,['CNSS J0019+00'],4d56m50.02557s,0d35m26.8102s,['2020ApJ...903..116A'],56580.0,0.018,True,False,/home/nfranz/astro-otter/otterdb/.otter/CNSS-J0019+00.json
28,ASASSN-15oi,['ASASSN-15oi'],309d47m16.44s,-30d45m20.71s,"['2021NatAs...5..491H', '2017ApJ...838..149A', '2016arXiv160201088H', '2016ApJ...818L..21F', '2016A&A...594A..13P', '2015ATel.7910....1B', '2011ApJ...737..103S', 'ASAS-SN Supernovae', 'MAST', '2017ApJ...835...64G', '2000A&AS..143....9W', '2016MNRAS.463.3813H', '2024MNRAS.527.2452M', '2020MNRAS.497L...1W', '2023PASP..135c4101G']",2015-08-14 04:48:00.000,0.0484,True,False,/home/nfranz/astro-otter/otterdb/.otter/ASASSN-15oi.json
29,WINGS J1348,"['WINGS J134849.88+263557.5', 'WINGS J1348']",207d12m28.5s,26d35m57.49s,"['2017ApJ...838..149A', '2016A&A...594A..13P', '2013MNRAS.435.1904M', '2011ApJ...737..103S', '2017ApJ...835...64G', '2015ApJ...807..185F', '2023PASP..135c4101G']",1999-12-20 00:00:00.000,0.062,True,False,/home/nfranz/astro-otter/otterdb/.otter/WINGS-J1348.json
30,2017eqx,"['PS17dhz', '2017eqx', 'AT2017eqx', 'AT 2017eqx']",336d42m05.55s,17d08m52.4s,"['2019MNRAS.488.1878N', '2016A&A...594A..13P', '2017ApJ...835...64G', '2024MNRAS.527.2452M', '2023PASP..135c4101G', '2017TNSTR.646....1C', '2023arXiv230813595C']",2017-06-01 00:00:00.000,0.1089,True,False,/home/nfranz/astro-otter/otterdb/.otter/AT2017eqx.json
31,2022dyt,"['2022dyt', 'ZTF22aacgcwv', 'ATLAS22jju', 'AT2022dyt']",150d02m00.50316s,26d27m38.43828s,"['2022TNSCR1036....1S', '2024MNRAS.527.2452M', '2023ApJS..267...44A', '2022TNSTR.572....1M']",59636.23516200232,0.072,True,False,/home/nfranz/astro-otter/otterdb/.otter/AT2022dyt.json
32,OGLE17aaj,"['OGLE 17aaj', 'OGLE17aaj']",29d06m13.95s,-71d04m15.7s,"['2016A&A...594A..13P', '2011ApJ...737..103S', '2017ApJ...835...64G', '2017ATel.9977....1G', '2017ATel11049....1S', '2019A&A...622L...2G', '2023PASP..135c4101G']",2016-01-28 00:00:00.000,0.116,False,False,/home/nfranz/astro-otter/otterdb/.otter/OGLE17aaj.json
33,CSS100217,"['CSS 100217', 'CSS100217:102913+404220', 'CSS100217']",157d18m15s,40d42m20s,"['2017arXiv170307816B', '2017ApJ...838..149A', '2016A&A...594A..13P', '2011ApJ...735..106D', '2011BASI...39..387M', '2011ApJ...737..103S', '2010ATel.2544....1D', '2017ApJ...835...64G', '2000A&AS..143....9W', '2017NatAs...1..865K', '2023PASP..135c4101G']",2002-12-31 00:00:00.000,0.147,True,False,/home/nfranz/astro-otter/otterdb/.otter/CSS100217.json
34,2019eve,"['2019eve', 'ATLAS19kfv', 'ZTF19aatylnl', 'Gaia19bti', 'AT2019eve']",172d12m24.9552s,15d40m22.3824s,"['2021ApJ...908....4V', '2024MNRAS.527.2452M', '2019TNSTR.737....1N', '2023arXiv230813595C']",58608.233935185184,0.0813,True,False,/home/nfranz/astro-otter/otterdb/.otter/AT2019eve.json
35,Sw J1112-82,"['Swift J1112.2-8238', 'Swift J1112-82', 'Sw J1112-82']",167d56m54s,-82d38m44.44s,"['2017MNRAS.472.4469B', '2017ApJ...838..149A', '2016A&A...594A..13P', '2015arXiv150703582B', '2011ApJ...737..103S', '2017ApJ...835...64G', '2011ATel.3463....1K', '2015MNRAS.452.4297B', '2023PASP..135c4101G']",2011-12-27 00:00:00.000,0.89,True,False,/home/nfranz/astro-otter/otterdb/.otter/Sw-J1112-82.json
36,2020zso,"['ZTF20acqoiyt', '2020zso', 'Gaia20fqa', 'ATLAS20bfok', 'AT2020zso']",335d34m16.8888s,-7d15m58.9392s,"['2022A&A...666A...6W', '2023ApJ...942....9H', '2024MNRAS.527.2452M', '2023ApJ...957...86H', '2020TNSTR3449....1F', '2020TNSCR3486....1I']",59165.15005790509,0.0565,True,False,/home/nfranz/astro-otter/otterdb/.otter/AT2020zso.json
37,XMMSL1 J0740-85,"['XMMSL1 J074008.2-853927', 'XMMSL1 J0740-85']",115d02m02.85s,-85d39m31.25s,"['2017ApJ...838..149A', '2016arXiv161001788S', '2016arXiv161003861A', '2016A&A...594A..13P', '2011ApJ...737..103S', '2017ApJ...835...64G', '2017A&A...598A..29S', '2023PASP..135c4101G']",2014-04-01 00:00:00.000,0.0173,True,False,/home/nfranz/astro-otter/otterdb/.otter/XMMSL1-J0740-85.json
38,OGLE16aaa,"['OGLE 16aaa', 'OGLE16aaa']",16d50m13.2s,-64d16m20.7s,"['2017MNRAS.465L.114W', '2017ApJ...838..149A', '2016ATel.8559....1F', '2016A&A...594A..13P', '2011ApJ...737..103S', '2017ApJ...835...64G', '2000A&AS..143....9W', '2024MNRAS.527.2452M', '2017IAUS..324..127W', '2023PASP..135c4101G']",2015-12-17 00:00:00.000,0.1655,True,False,/home/nfranz/astro-otter/otterdb/.otter/OGLE16aaa.json
39,2020qhs,"['2020qhs', 'ZTF20abowque', 'PS20krl', 'ATLAS20upw', 'AT2020qhs']",34d28m29.2512s,-9d36m50.8932s,"['2023ApJ...942....9H', '2024MNRAS.527.2452M', '2023ApJ...957...86H', '2020TNSTR2274....1F']",59056.4415625,0.345,True,False,/home/nfranz/astro-otter/otterdb/.otter/AT2020qhs.json
40,2022wyq,"['2022wyq', 'ZTF20acyxwgf', 'J094806']",147d01m38.25s,3d18m01.9s,"['2017arXiv171104577K', '2016A&A...594A..13P', '2011ApJ...737..103S', '2017ApJ...835...64G', '2017NatAs...1..865K', '2019ApJ...871...15J', '2023PASP..135c4101G', '2022TNSTR2919....1F']",59695.193,0.207,True,False,/home/nfranz/astro-otter/otterdb/.otter/J094806.json
41,2021yte,"['2021yte', 'ZTF21acafvhf', 'AT2021yte']",103d46m10.99992s,12d38m03.17652s,"['2022ApJ...925...67L', '2024MNRAS.527.2452M', '2021TNSTR3154....1F', '2021TNSCR3611....1Y']",59469.47592590278,0.053,True,False,/home/nfranz/astro-otter/otterdb/.otter/AT2021yte.json
42,2020vdq,"['ZTF20acaazkt', '2020vdq', 'Gaia20esn', 'AT2020vdq']",152d13m21.614916s,42d43m00.22242s,"['2023arXiv231003791S', '2024MNRAS.527.2452M', '2023ApJ...955L...6Y', '2020TNSTR3060....1N', '2023TNSCR1153....1T', ' 2023TNSCR1154....1C', ' 2023TNSCR1865....1N']",59126.49162,0.045,True,False,/home/nfranz/astro-otter/otterdb/.otter/AT2020vdq.json
43,SRGE J133053.3+734824,['SRGE J133053.3+734824'],202d43m15.3048s,73d48m24.2604s,"['2021MNRAS.508.3820S', '2023PASP..135c4101G']",2020-11-02 00:00:00.000,0.1505,False,False,/home/nfranz/astro-otter/otterdb/.otter/SRGE-J133053.3+734824.json
44,UGC 03317,['UGC 03317'],83d24m25.2s,73d43m26.4s,"['2017ApJ...838..149A', '2016A&A...594A..13P', '2015arXiv150506612H', '2011ApJ...737..103S', '2017ApJ...835...64G', '2016A&A...586A...9H', '2023PASP..135c4101G']",2010-09-22 00:00:00.000,0.004136,False,False,/home/nfranz/astro-otter/otterdb/.otter/UGC-03317.json
45,2019meg,"['ZTF19abhhjcc', 'Gaia19dhd', '2019meg', 'AT2019meg']",281d19m02.9892s,44d26m18.9816s,"['2021ApJ...908....4V', '2024MNRAS.527.2452M', '2019TNSTR1378....1N']",58692.72199074074,0.152,True,False,/home/nfranz/astro-otter/otterdb/.otter/AT2019meg.json
46,PTF10nuj,"['PTF 10nuj', 'PTF10nuj']",246d36m10.5s,54d42m21.6s,"['2017ApJ...838..149A', '2016A&A...594A..13P', '2014ApJ...793...38A', '2011ApJ...737..103S', '2017ApJ...835...64G', '2000A&AS..143....9W', '2023PASP..135c4101G']",2010-01-01 00:00:00.000,0.132,True,False,/home/nfranz/astro-otter/otterdb/.otter/PTF10nuj.json
47,AT2021msu,"['AT2021msu', 'AT2021msu (= ATLAS21pis)']",223d38m13.65s,9d13m39.7s,"['2016A&A...594A..13P', 'ASAS-SN Supernovae', '2017ApJ...835...64G']",2021-06-01 00:43:12.000,0.05,False,False,/home/nfranz/astro-otter/otterdb/.otter/AT2021msu.json
48,PTF11glr,"['PTF 11glr', 'PTF11glr']",253d31m31.95s,41d20m14.8s,"['2017ApJ...838..149A', '2016A&A...594A..13P', '2014ApJ...793...38A', '2011ApJ...737..103S', '2017ApJ...835...64G', '2000A&AS..143....9W', '2023PASP..135c4101G']",2011-01-01 00:00:00.000,0.207,True,False,/home/nfranz/astro-otter/otterdb/.otter/PTF11glr.json
49,2019azh,"['ZTF18achzddr', 'ZTF17aaazdba', 'Gaia19bvo', 'ASASSN-19dj', '2019azh', 'AT 2019azh', 'AT2019azh']",123d19m14.055s,22d38m53.8s,"['2022MNRAS.511.5328G', '2021MNRAS.500.1673H', '2022ApJ...925...67L', '2021ApJ...908....4V', '2024MNRAS.527.2452M', '2023ApJ...955L...6Y', '2019TNSCR.287....1B', '2019TNSTR...2....1S', '2021ApJ...912..151W', '2023PASP..135c4101G', '2019TNSTR.262....1S', ' 2020TNSCR2126....1D']",2019-02-22 00:00:00.000,0.022,True,False,/home/nfranz/astro-otter/otterdb/.otter/AT2019azh.json
50,J121116,['J121116'],182d49m07.05s,0d13m45.3s,"['2018arXiv180205105W', '2016A&A...594A..13P', '2011ApJ...737..103S', '2017ApJ...835...64G', '2018MNRAS.477.2943W', '2023PASP..135c4101G']",2009-05-04 00:00:00.000,0.0763,True,False,/home/nfranz/astro-otter/otterdb/.otter/J121116.json
51,Sw J2058+05,"['Swift J2058+05', 'Sw J2058+05']",314d34m58.5s,5d13m32s,"['2012ApJ...753...77C', '2015ApJ...805...68P', '2017MNRAS.472.4469B', '2017ApJ...838..149A', '2016A&A...594A..13P', '2017ApJ...835...64G', '2011ATel.3384....1K', '2012MNRAS.420.2684C', '2023PASP..135c4101G']",2011-05-27 00:00:00.000,1.1853,True,False,/home/nfranz/astro-otter/otterdb/.otter/Sw-J2058+05.json
52,2XMM J123103.2+110648,"['XJ1231+1106', '2XMM J123103.2+110648']",187d45m48s,11d06m48s,"['2017arXiv170206956L', '2016A&A...594A..13P', '2011ApJ...737..103S', '2017ApJ...835...64G', '2012ApJ...756...27L', '2012ApJ...759L..16H', '2013ApJ...776L..10L', '2017MNRAS.468..783L', '2023PASP..135c4101G']",2003-07-13 00:00:00.000,0.118,False,False,/home/nfranz/astro-otter/otterdb/.otter/XJ1231+1106.json
53,NGC 6021,['NGC 6021'],239d22m40.8s,15d57m21.6s,"['2017ApJ...838..149A', '2016A&A...594A..13P', '2015arXiv150506612H', '2011ApJ...737..103S', '2017ApJ...835...64G', '2016A&A...586A...9H', '2023PASP..135c4101G']",2005-01-02 00:00:00.000,0.015607,False,False,/home/nfranz/astro-otter/otterdb/.otter/NGC-6021.json
54,Sw J1644+57,"['SwJ1644+57', 'GRB 110328A', 'Sw J1644+57', 'Swift J1644+57', 'Swift J164449.3+573451']",251d12m28.9695s,57d34m59.6893s,"['2011Natur.476..425Z', '2012ApJ...748...36B', '2012MNRAS.421.1942W', '2013ApJ...767..152Z', '2016MNRAS.462L..66Y', '2018ApJ...854...86E', '2017ApJ...838..149A', '2016A&A...594A..13P', '2011Sci...333..203B', '2011ApJ...737..103S', '2017ApJ...835...64G', '2011Sci...333..199L', '2023PASP..135c4101G', '2021ApJ...908..125C']",2011-03-29 00:00:00.000,0.354,True,False,/home/nfranz/astro-otter/otterdb/.otter/Sw-J1644+57.json
55,2021utq,"['2021utq', 'Gaia21eqh', 'ZTF21abqtckk', 'ATLAS21bgtn', 'AT2021utq']",229d37m16.8132s,73d21m31.4136s,"['2022ApJ...925...67L', '2024MNRAS.527.2452M', '2021TNSTR2663....1M', '2021TNSCR3259....1B', ' 2023TNSCR2004....1Y']",59427.28253469907,0.127,True,False,/home/nfranz/astro-otter/otterdb/.otter/AT2021utq.json
56,PGC 170392,['PGC 170392'],336d41m34.8s,-15d01m22.8s,"['2017ApJ...838..149A', '2016A&A...594A..13P', '2015arXiv150506612H', '2011ApJ...737..103S', '2017ApJ...835...64G', '2016A&A...586A...9H', '2023PASP..135c4101G']",2005-11-28 00:00:00.000,0.016246,False,False,/home/nfranz/astro-otter/otterdb/.otter/PGC-170392.json
57,RX J1624+75,['RX J1624+75'],246d14m10.5s,75d54m57.5s,"['2017ApJ...838..149A', '2016A&A...594A..13P', '2011ApJ...737..103S', '1999A&A...350L..31G', 'MAST', '2017ApJ...835...64G', '2023PASP..135c4101G']",1990-08-25 00:00:00.000,0.0636,True,False,/home/nfranz/astro-otter/otterdb/.otter/RX-J1624+75.json
58,PGC 015259,['PGC 015259'],67d20m27.6s,-4d45m36s,"['2017ApJ...838..149A', '2016A&A...594A..13P', '2015arXiv150506612H', '2011ApJ...737..103S', '2017ApJ...835...64G', '2016A&A...586A...9H', '2023PASP..135c4101G']",2010-02-08 00:00:00.000,0.014665,False,False,/home/nfranz/astro-otter/otterdb/.otter/PGC-015259.json
59,2020wey,"['2020wey', 'ZTF20acitpfz', 'ATLAS20belb', 'Gaia20fck', 'AT2020wey']",136d21m28.6488s,61d48m09.1368s,"['2023ApJ...942....9H', '2024MNRAS.527.2452M', '2023ApJ...955L...6Y', '2020TNSTR3103....1N', '2020TNSCR3228....1A']",59130.49269,0.02741,True,False,/home/nfranz/astro-otter/otterdb/.otter/AT2020wey.json
60,ASASSN-20jr,"['ASASSN-20jr', 'AT 2020ral']",229d19m25.2s,54d45m45.6s,['ASAS-SN Supernovae'],2020-08-10 05:45:36.000,,False,False,/home/nfranz/astro-otter/otterdb/.otter/ASASSN-20jr.json
61,2023mfm,"['ZTF23aapyidj', 'PS23fqo', '2023mfm', 'AT2023mfm']",324d21m59.3676s,-4d20m43.0152s,"['2023TNSAN.250....1C', '2024MNRAS.527.2452M', '2023TNSTR1546....1F', '2023TNSCR2308....1C']",60123.399,0.087,True,False,/home/nfranz/astro-otter/otterdb/.otter/AT2023mfm.json
62,2019lwu,"['ZTF19abidbya', 'ATLAS19rnz', '2019lwu', 'PS19ega', 'AT2019lwu']",347d48m04.581036s,-1d00m10.8162072s,"['2021ApJ...908....4V', '2024MNRAS.527.2452M', '2019TNSTR1352....1F', '2020TNSCR2246....1D']",58688.41799768519,0.117,True,False,/home/nfranz/astro-otter/otterdb/.otter/AT2019lwu.json
63,2020pj,"['ATLAS20cab', 'ZTF20aabqihu', '2020pj', 'AT2020pj']",232d53m44.5139376s,33d05m41.6801292s,"['2023ApJ...942....9H', '2024MNRAS.527.2452M', '2020TNSTR..79....1N', '2020TNSCR2829....1H']",58850.50952546296,0.068,True,False,/home/nfranz/astro-otter/otterdb/.otter/AT2020pj.json
64,DES14C1kia,"['DES 14C1kia', 'DES14C1kia']",53d41m52.35s,-26d19m35s,"['2017ApJ...838..149A', '2016A&A...594A..13P', '2015ATel.6877....1F', '2011ApJ...737..103S', '2017ApJ...835...64G', '2000A&AS..143....9W', '2023PASP..135c4101G', '2023arXiv230813595C']",2014-01-01 00:00:00.000,0.162,True,False,/home/nfranz/astro-otter/otterdb/.otter/DES14C1kia.json
65,2018iih,"['2018iih', 'ATLAS18yzs', 'Gaia18dpo', 'ZTF18acaqdaa', 'AT2018iih']",262d00m58.8518604s,30d41m31.5128184s,"['2021ApJ...908....4V', '2024MNRAS.527.2452M', '2023ApJ...955L...6Y', '2018TNSTR1750....1T', '2020TNSCR2246....1D']",58431.19599537037,0.212,True,False,/home/nfranz/astro-otter/otterdb/.otter/AT2018iih.json
66,PTF09axc,"['PTF 09axc', 'PTF-09axc', 'PTF09axc']",223d18m15.9s,22d14m32.2s,"['2017ApJ...838..149A', '2016A&A...594A..13P', '2014ApJ...793...38A', '2011ApJ...737..103S', '2010ApJ...721..777A', '2017ApJ...835...64G', '2012PASP..124..668Y', '2000A&AS..143....9W', '2024MNRAS.527.2452M', '2017MNRAS.471.1694W', '2023PASP..135c4101G']",2009-06-20 00:00:00.000,0.1146,True,False,/home/nfranz/astro-otter/otterdb/.otter/PTF09axc.json
67,SRGE J171423.6+085236,['SRGE J171423.6+085236'],258d35m54.2148s,8d52m36.9048s,"['2021MNRAS.508.3820S', '2023PASP..135c4101G']",2020-09-18 00:00:00.000,0.036,False,False,/home/nfranz/astro-otter/otterdb/.otter/SRGE-J171423.6+085236.json
68,2022wtn,"['ATLAS22bikj', 'ZTF22abkfhua', '2022wtn', 'PS22jwq', 'AT2022wtn']",350d50m56.7672s,10d41m07.8108s,"['2022TNSTR2885....1F', '2024MNRAS.527.2452M', '2022TNSCR3389....1F']",59854.255,0.0491,True,False,/home/nfranz/astro-otter/otterdb/.otter/AT2022wtn.json
69,XMMSL1 J061927.1-655311,['XMMSL1 J061927.1-655311'],94d51m45s,-65d53m07s,"['2014A&A...572A...1S', '2023PASP..135c4101G']",2012-11-12 00:00:00.000,0.0729,False,False,/home/nfranz/astro-otter/otterdb/.otter/XMMSL1-J061927.1-655311.json
70,2018hyz,"['ZTF18acpdvos', 'ATLAS18bafs', '2018hyz', 'ASASSN-18zj', 'AT2018hyz']",151d42m43.125s,1d41m33.96s,"['2022ApJ...938...28C', '2020MNRAS.497.1925G', '2020MNRAS.tmp.2047S', '2016A&A...594A..13P', '2017ApJ...835...64G', '2020MNRAS.498.4119S', '2021ApJ...908....4V', '2024MNRAS.527.2452M', '2023ApJ...957...86H', '2018ATel12218....1H', '2018TNSCR1764....1A', '2018TNSTR1708....1B', '2022ATel15307....1H', '2024MNRAS.527.7672S']",2018-10-14 00:00:00.000,0.0457,True,False,/home/nfranz/astro-otter/otterdb/.otter/AT2018hyz.json
71,eRASSt J234403-352640,['eRASSt J234403-352640'],356d00m43.5s,-35d26m39.4s,"['2023A&A...672A.167H', '2024MNRAS.528.7123G']",2020-11-28 00:00:00.000,0.1,True,False,/home/nfranz/astro-otter/otterdb/.otter/eRASSt-J234403-352640.json
72,UGC 01791,['UGC 01791'],34d58m22.8s,28d14m52.8s,"['2017ApJ...838..149A', '2016A&A...594A..13P', '2015arXiv150506612H', '2011ApJ...737..103S', '2017ApJ...835...64G', '2016A&A...586A...9H', '2023PASP..135c4101G']",2005-01-09 00:00:00.000,0.015881,False,False,/home/nfranz/astro-otter/otterdb/.otter/UGC-01791.json
73,2019bhf,"['ZTF19aakswrb', '2019bhf', 'AT2019bhf']",227d18m59.6304s,16d14m22.524s,"['2021ApJ...908....4V', '2024MNRAS.527.2452M', '2019TNSTR.299....1F', '2020TNSCR2246....1D']",58526.545,0.1206,True,False,/home/nfranz/astro-otter/otterdb/.otter/AT2019bhf.json
74,2MASX J0249,"['XMMSL1 J024916.6-041244', '2MASX J0249']",42d19m19.2s,-4d12m54s,"['2017ApJ...838..149A', '2016A&A...594A..13P', '2011ApJ...737..103S', '2007A&A...462L..49E', '2017ApJ...835...64G', '2016A&A...592A..74S', '2023PASP..135c4101G']",2006-07-14 00:00:00.000,0.0186,True,False,/home/nfranz/astro-otter/otterdb/.otter/2MASX-J0249.json
75,2022dsb,"['ATLAS22iav', 'ASASSN-22cs', 'ZTF22aadghqe', '2022dsb', 'AT2022dsb']",235d35m26.27736s,-22d40m14.08764s,"['2022TNSCR.584....1F', '2024MNRAS.527.2452M', '2022TNSTR.559....1S']",59639.56998842592,0.0234,True,False,/home/nfranz/astro-otter/otterdb/.otter/AT2022dsb.json
76,2018zr,"['ATLAS18nej', '2018zr', 'AT2018zr (PS18kh)', 'AT 2018zr', 'AT2018zr', 'PS18kh']",119d13m37.95s,34d15m43.6s,"['2018arXiv180902608V', '2018arXiv180802890H', '2016A&A...594A..13P', '2011ApJ...737..103S', 'MAST', '2017ApJ...835...64G', 'ASAS-SN Supernovae', '2019ApJ...880..120H', '2024MNRAS.527.2452M', '2023ApJ...957...86H', '2019ApJ...872..198V', '2019ApJ...879..119H', '2023PASP..135c4101G', '2018TNSTR.296....1C', '2023arXiv230813595C', '2020TNSCR2246....1D']",2018-02-07 00:00:00.000,0.074,True,False,/home/nfranz/astro-otter/otterdb/.otter/AT2018zr.json
77,2023clx,"['ASASSN-23bd', 'ZTF18aabkvpi', '2023clx', 'AT2023clx']",175d02m21.0444s,15d19m38.55s,"['2024arXiv240111773C', '2024MNRAS.527.2452M', '2023TNSTR.421....1S', '2023TNSCR.438....1T']",59997.21,0.01107,True,False,/home/nfranz/astro-otter/otterdb/.otter/AT2023clx.json
78,J133837,['J133837'],204d39m24s,57d31m13.2s,"['2018arXiv180205105W', '2016A&A...594A..13P', '2011ApJ...737..103S', '2017ApJ...835...64G', '2018MNRAS.477.2943W', '2023PASP..135c4101G']",2009-11-02 00:00:00.000,0.1269,True,False,/home/nfranz/astro-otter/otterdb/.otter/J133837.json
79,2018hco,"['ATLAS18way', '2018hco', 'AT2018hco', 'ZTF18abxftqm']",16d53m24.15s,23d28m34.39s,"['2016A&A...594A..13P', 'MAST', '2017ApJ...835...64G', '2021ApJ...908....4V', '2024MNRAS.527.2452M', '2018TNSTR1509....1T', '2023arXiv230813595C', '2018TNSCR1902....1R']",8589-09-09 00:00:00.000,0.088,True,False,/home/nfranz/astro-otter/otterdb/.otter/ZTF18abxftqm.json
80,J094608,['J094608'],146d32m07.35s,35d12m22.4s,"['2017arXiv171104577K', '2016A&A...594A..13P', '2011ApJ...737..103S', '2017ApJ...835...64G', '2017NatAs...1..865K', '2019ApJ...871...15J', '2023PASP..135c4101G']",,0.119,False,False,/home/nfranz/astro-otter/otterdb/.otter/J094608.json
81,2018jbv,"['ATLAS19acl', 'PS19aoz', '2018jbv', 'ZTF18acnbpmd', 'AT2018jbv']",197d41m23.2584s,8d34m04.2024s,"['2023ApJ...942....9H', '2024MNRAS.527.2452M', '2018TNSTR2038....1F']",58448.562997685185,0.34,True,False,/home/nfranz/astro-otter/otterdb/.otter/AT2018jbv.json
82,2019dsg,"['2019dsg', 'ZTF19aapreis', 'ATLAS19klx', 'AT 2019dsg', 'AT2019dsg']",314d15m44.55s,14d12m15.86s,"['2021NatAs...5..510S', '2021ApJ...919..127C', '2021ApJ...908....4V', '2024MNRAS.527.2452M', '2023ApJ...955L...6Y', '2014ApJ...788...48S', '2019TNSTR2019....1N', '2023PASP..135c4101G', ' 2019TNSTR.615....1N', '2023arXiv230813595C', '2019TNSTR.615....1N', '2019TNSCR.772....1S']",2019-04-09 00:00:00.000,0.051,True,False,/home/nfranz/astro-otter/otterdb/.otter/AT2019dsg.json
83,J113527,['J113527'],173d51m49.35s,39d28m10.7s,"['2018arXiv180205105W', '2016A&A...594A..13P', '2011ApJ...737..103S', '2017ApJ...835...64G', '2018MNRAS.477.2943W', '2023PASP..135c4101G']",2009-04-07 00:00:00.000,0.1084,True,False,/home/nfranz/astro-otter/otterdb/.otter/J113527.json
84,AT2019qiz,"['AT2019qiz (= ZTF19abzrhgq)', 'AT2019qiz']",71d39m29.85s,-10d13m31.5s,"['2020arXiv200602454N', '2016A&A...594A..13P', 'ASAS-SN Supernovae', 'MAST', '2017ApJ...835...64G', '2020MNRAS.499..482N', '2021ApJ...908....4V', '2024MNRAS.527.2452M', '2023ApJ...957...86H']",2019-09-24 09:50:24.000,0.01513,True,False,/home/nfranz/astro-otter/otterdb/.otter/AT2019qiz.json
85,RX J1420+53,['RX J1420+53'],215d06m03s,53d34m11s,"['2017ApJ...838..149A', '2016A&A...594A..13P', '2011ApJ...737..103S', '2000A&A...362L..25G', '2017ApJ...835...64G', '2023PASP..135c4101G']",1990-07-11 00:00:00.000,0.147,True,False,/home/nfranz/astro-otter/otterdb/.otter/RX-J1420+53.json
86,IGR J17361-4441,['IGR J17361-4441'],264d04m21.3s,-44d44m05.98s,"['2017ApJ...838..149A', '2016A&A...594A..13P', '2014arXiv1407.5081D', '2011ApJ...737..103S', '2017ApJ...835...64G', '2011A&A...535L...1B', '2023PASP..135c4101G']",2003-03-22 00:00:00.000,0.000271,True,False,/home/nfranz/astro-otter/otterdb/.otter/IGR-J17361-4441.json
87,XMMSL2 J140446.9-251135,['XMMSL2 J140446.9-251135'],211d11m45s,-25d11m35s,"['2018ATel11394....1R', '2023PASP..135c4101G']",2018-02-15 00:00:00.000,0.043,False,False,/home/nfranz/astro-otter/otterdb/.otter/XMMSL2-J140446.9-251135.json
88,J100933,['J100933'],152d23m17.1s,23d22m55.8s,"['2018arXiv180205105W', '2016A&A...594A..13P', '2011ApJ...737..103S', '2017ApJ...835...64G', '2018MNRAS.477.2943W', '2023PASP..135c4101G']",2009-02-20 00:00:00.000,0.0719,True,False,/home/nfranz/astro-otter/otterdb/.otter/J100933.json
89,ASASSN-20lk,"['ASASSN-20lk', 'AT 2020svp']",207d38m12s,-30d02m55.6s,['ASAS-SN Supernovae'],2020-09-08 17:16:48.000,,False,False,/home/nfranz/astro-otter/otterdb/.otter/ASASSN-20lk.json
90,2019cmw,"['ATLAS19kel', 'PS19cws', '2019cmw', 'ZTF19aaniqrr', 'AT2019cmw']",282d09m52.182s,51d00m48.7332s,"['2022ApJ...925...67L', '2024MNRAS.527.2452M', '2019TNSTR.464....1N']",58567.51133101852,0.5167,True,False,/home/nfranz/astro-otter/otterdb/.otter/AT2019cmw.json
91,SRGE J163831.7+534020,['SRGE J163831.7+534020'],249d38m00.2436s,53d40m22.5516s,"['2021MNRAS.508.3820S', '2023PASP..135c4101G']",2020-08-01 00:00:00.000,0.581,False,False,/home/nfranz/astro-otter/otterdb/.otter/SRGE-J163831.7+534020.json
92,2020ksf,"['2020ksf', 'ZTF20abgbdpr', 'Gaia20cjk', 'AT2020ksf']",323d51m49.2264s,-18d16m35.364s,"['2024ApJ...963...75W', '2024MNRAS.527.2452M', '2020TNSTR1450....1H']",58960.425,0.0942,True,False,/home/nfranz/astro-otter/otterdb/.otter/AT2020ksf.json
93,2021mhg,"['ZTF21abaxaqq', 'ATLAS21wwe', 'ATLAS21qbq', '2021mhg', 'Gaia21cwh', 'AT2021mhg']",4d55m43.40244s,29d19m00.71436s,"['2022ApJ...925...67L', '2024MNRAS.527.2452M', '2021TNSTR1620....1M', '2021TNSCR2672....1C']",59345.48390049768,0.073,True,False,/home/nfranz/astro-otter/otterdb/.otter/AT2021mhg.json
94,2018mac,"['2022dbl', 'ASASSN-22ci', 'AT2022dbl', 'ATLAS18bcnl', 'PS22cdn', '2018mac', 'Gaia22bdt', 'ZTF18aabdajx']",185d11m16.17036s,49d33m04.40064s,"['2022TNSCR.504....1A', '2024MNRAS.527.2452M', '2023ApJS..267...44A', '2022TNSTR.372....1D', '2022TNSTR1433....1S']",58254.20157,0.0284,True,False,/home/nfranz/astro-otter/otterdb/.otter/AT2022dbl.json
95,IGR J12580+0134,"['IGR12580', 'IGR 12580', 'IGR J12580+0134']",194d31m16.5s,1d34m26s,"['2015ApJ...809..172I', '2016MNRAS.461.3375Y', '2017ApJ...842..126P', '2022ApJ...925..143P']",55572.0,0.00411,True,False,/home/nfranz/astro-otter/otterdb/.otter/IGR-J12580+0134.json
96,SRGE J135514.8+311605,['SRGE J135514.8+311605'],208d48m45.2844s,31d16m05.2356s,"['2021MNRAS.508.3820S', '2023PASP..135c4101G']",2020-06-23 00:00:00.000,0.1989,False,False,/home/nfranz/astro-otter/otterdb/.otter/SRGE-J135514.8+311605.json
97,PGC 1127938,['PGC 1127938'],19d44m09.6s,-1d03m10.8s,"['2017ApJ...838..149A', '2016A&A...594A..13P', '2015arXiv150506612H', '2011ApJ...737..103S', '2017ApJ...835...64G', '2016A&A...586A...9H', '2023PASP..135c4101G']",2007-01-08 00:00:00.000,0.02,False,False,/home/nfranz/astro-otter/otterdb/.otter/PGC-1127938.json
98,2019vcb,"['ZTF19acspeuw', 'Gaia19feb', '2019vcb', 'ATLAS19bcyz', 'AT2019vcb']",189d44m05.7329556s,33d09m57.2151492s,"['2023ApJ...942....9H', '2024MNRAS.527.2452M', '2019TNSTR2396....1N', '2020TNSCR2126....1D']",58802.551620370374,0.088,True,False,/home/nfranz/astro-otter/otterdb/.otter/AT2019vcb.json
99,2022bdw,"['ZTF22aaahtqz', '2022bdw', 'PS22avi', 'ATLAS22dth', 'Gaia22baj', 'AT2022bdw']",126d17m35.62476s,18d34m57.47304s,"['2022TNSCR.511....1A', '2024MNRAS.527.2452M', '2023ApJS..267...44A', '2022TNSTR.284....1T']",59610.401,0.0378,True,False,/home/nfranz/astro-otter/otterdb/.otter/AT2022bdw.json
100,2XMMi J1847,"['2XMMi J1847', '2XMMi J184725.1-631724']",281d51m17.4s,-63d17m24.96s,"['2016A&A...594A..13P', '2011ApJ...738...52L', '2011ApJ...737..103S', '2017ApJ...835...64G', '2018MNRAS.474.3000L', '2023PASP..135c4101G']",2006-09-01 00:00:00.000,0.0353,False,False,/home/nfranz/astro-otter/otterdb/.otter/2XMMi-J1847.json
101,SDSSJ0159,"['SDSS J0159', 'SDSSJ0159']",29d59m24.6s,0d33m10.49s,"['2017ApJ...838..149A', '2016A&A...594A..13P', '2015MNRAS.452...69M', '2017ApJ...835...64G', '2015ApJ...800..144L', '2023PASP..135c4101G']",2000-07-29 00:00:00.000,0.31167,True,False,/home/nfranz/astro-otter/otterdb/.otter/SDSSJ0159.json
102,PGC 133344,['PGC 133344'],325d43m58.8s,-30d07m58.8s,"['2017ApJ...838..149A', '2016A&A...594A..13P', '2015arXiv150506612H', '2011ApJ...737..103S', '2017ApJ...835...64G', '2016A&A...586A...9H', '2023PASP..135c4101G']",2005-03-17 00:00:00.000,0.02365,False,False,/home/nfranz/astro-otter/otterdb/.otter/PGC-133344.json
103,2022gri,"['PS22nfs', 'ATLAS23doq', '2022gri', 'ZTF20aahmtso', 'AT2022gri']",109d35m11.91408s,33d59m41.47116s,"['2022TNSAN..99....1Y', '2024MNRAS.527.2452M', '2022TNSTR.890....1F', '2022TNSCR1156....1Y']",59672.157,0.028,True,False,/home/nfranz/astro-otter/otterdb/.otter/AT2022gri.json
104,J145851,['J145851'],224d42m54.75s,17d50m57.9s,"['2018arXiv180205105W', '2016A&A...594A..13P', '2011ApJ...737..103S', '2017ApJ...835...64G', '2018MNRAS.477.2943W', '2023PASP..135c4101G']",2009-04-29 00:00:00.000,0.1165,True,False,/home/nfranz/astro-otter/otterdb/.otter/J145851.json
105,TDE2,"['SDSS-TDE2', 'TDE2']",350d57m09.225s,-1d08m10.34s,"['2017ApJ...838..149A', '2016A&A...594A..13P', '2011ApJ...741...73V', '2011ApJ...737..103S', '2017ApJ...835...64G', '2000A&AS..143....9W', '2024MNRAS.527.2452M', '2023PASP..135c4101G']",2007-06-18 00:00:00.000,0.2515,True,False,/home/nfranz/astro-otter/otterdb/.otter/TDE2.json
106,SRGE J163030.2+470125,['SRGE J163030.2+470125'],247d37m33.7872s,47d01m25.428s,"['2021MNRAS.508.3820S', '2023PASP..135c4101G']",2020-08-06 00:00:00.000,0.294,False,False,/home/nfranz/astro-otter/otterdb/.otter/SRGE-J163030.2+470125.json
107,PTF10iya,"['PTF 10iya', 'PTF10iya']",219d40m15s,37d39m33.6s,"['2017ApJ...838..149A', '2016A&A...594A..13P', '2012MNRAS.420.2684C', '2011ApJ...737..103S', '2017ApJ...835...64G', '2000A&AS..143....9W', '2023PASP..135c4101G']",2010-06-11 00:00:00.000,0.22405,True,False,/home/nfranz/astro-otter/otterdb/.otter/PTF10iya.json
108,SRGE J144738.4+671821,['SRGE J144738.4+671821'],221d54m45.9756s,67d18m18.3384s,"['2021MNRAS.508.3820S', '2023PASP..135c4101G']",2020-11-19 00:00:00.000,0.125,False,False,/home/nfranz/astro-otter/otterdb/.otter/SRGE-J144738.4+671821.json
109,2021jsg,"['2021jsg', 'ZTF21aaeoitd', 'AT2021jsg']",167d09m10.72044s,30d45m40.58424s,"['2021TNSCR1221....1Y', '2024MNRAS.527.2452M', '2021TNSTR1202....1H']",59221.47831,0.126,True,False,/home/nfranz/astro-otter/otterdb/.otter/AT2021jsg.json
110,SRGE J021939.9+361819,['SRGE J021939.9+361819'],34d54m58.5504s,36d18m18.1944s,"['2021MNRAS.508.3820S', '2023PASP..135c4101G']",2020-08-07 00:00:00.000,0.3879,False,False,/home/nfranz/astro-otter/otterdb/.otter/SRGE-J021939.9+361819.json
111,SDSSJ1350,"['SDSS J1350', 'SDSSJ1350']",207d30m22.65s,29d16m09.71s,"['2017ApJ...838..149A', '2016A&A...594A..13P', '2012ApJ...749..115W', '2017ApJ...835...64G', '2013ApJ...774...46Y', '2023PASP..135c4101G']",,0.0777,True,False,/home/nfranz/astro-otter/otterdb/.otter/SDSSJ1350.json
112,SRGE J095928.6+643023,['SRGE J095928.6+643023'],149d52m07.176s,64d30m21.7908s,"['2021MNRAS.508.3820S', '2023PASP..135c4101G']",2020-10-28 00:00:00.000,0.454,False,False,/home/nfranz/astro-otter/otterdb/.otter/SRGE-J095928.6+643023.json
113,2020acka,"['2020acka', 'ATLAS21cuo', 'ZTF20acwytxn', 'AT2020acka']",238d45m29.21868s,16d18m16.33932s,"['2022ApJ...925...67L', '2024MNRAS.527.2452M', '2020TNSTR3744....1M', '2021TNSCR.262....1H', ' 2023TNSCR2004....1Y']",59194.55357640046,0.338,True,False,/home/nfranz/astro-otter/otterdb/.otter/AT2020acka.json
114,SDSSJ0952,"['SDSS J0952', 'SDSSJ0952']",148d02m23.4s,21d43m13.24s,"['2017ApJ...838..149A', '2016A&A...594A..13P', '2008ApJ...678L..13K', '2017ApJ...835...64G', '2023PASP..135c4101G']",2008-02-05 00:00:00.000,0.0789,True,False,/home/nfranz/astro-otter/otterdb/.otter/SDSSJ0952.json
115,CXOU J0332,"['CXOU J033238.8-275134', 'CXOU J0332']",53d09m42s,-27d51m34s,"['2017arXiv170204422B', '2011ApJ...737..103S', '2017ApJ...835...64G', '2017MNRAS.467.4841B', '2023PASP..135c4101G']",2014-10-01 00:00:00.000,2.23,False,False,/home/nfranz/astro-otter/otterdb/.otter/CXOU-J0332.json
116,2021axu,"['2021axu', 'ZTF21aaaokyp', 'ATLAS21bsh', 'PS21csc', 'AT2021axu']",176d39m05.52672s,30d05m07.63584s,"['2022ApJ...925...67L', '2024MNRAS.527.2452M', '2021TNSTR.218....1T', '2021TNSCR.955....1H', ' 2023TNSCR2004....1Y']",59231.512,0.19,True,False,/home/nfranz/astro-otter/otterdb/.otter/AT2021axu.json
117,2022pna,"['ZTF22aavvqyh', 'ATLAS22wax', 'Gaia22dgl', '2022pna', 'AT2022pna']",25d28m53.256s,-3d17m22.5204s,"['2022TNSCR2892....1Y', '2024MNRAS.527.2452M', '2022TNSTR2086....1T']",59784.5985,0.095,True,False,/home/nfranz/astro-otter/otterdb/.otter/AT2022pna.json
118,J155223,['J155223'],238d05m49.35s,32d34m55.1s,"['2018arXiv180205105W', '2016A&A...594A..13P', '2011ApJ...737..103S', '2017ApJ...835...64G', '2018MNRAS.477.2943W', '2023PASP..135c4101G']",2009-05-31 00:00:00.000,0.1277,True,False,/home/nfranz/astro-otter/otterdb/.otter/J155223.json
119,D23H-1,"['GALEX-D23H-1', 'D23H-1']",352d59m52.95s,0d17m14.57s,"['2017ApJ...838..149A', '2016A&A...594A..13P', '2011ApJ...737..103S', '2009ApJ...698.1367G', '2017ApJ...835...64G', '2024MNRAS.527.2452M', '2017MNRAS.471.1694W', '2023PASP..135c4101G']",2007-09-04 00:00:00.000,0.1855,True,False,/home/nfranz/astro-otter/otterdb/.otter/D23H-1.json
120,2020yue,"['2020yue', 'ZTF20acnznms', 'AT2020yue']",165d00m05.05152s,21d06m45.95292s,"['2022ApJ...925...67L', '2024MNRAS.527.2452M', '2020TNSTR3341....1N', '2022TNSCR.662....1K', ' 2023TNSCR2004....1Y']",59156.49736,0.2042,True,False,/home/nfranz/astro-otter/otterdb/.otter/AT2020yue.json
121,2021uqv,"['Gaia21drx', '2021uqv', 'ZTF21abqhkjd', 'ATLAS21beiz', 'AT2021uqv']",8d09m58.15332s,22d32m56.15448s,"['2022ApJ...925...67L', '2024MNRAS.527.2452M', '2021TNSTR2648....1M', '2021TNSCR3411....1Y', ' 2023TNSCR2004....1Y']",59424.43628469908,0.106,True,False,/home/nfranz/astro-otter/otterdb/.otter/AT2021uqv.json
122,AT2018dyb,['AT2018dyb'],242d44m43.1592s,-60d55m24.3876s,"['2019ApJ...887..218L', '2024MNRAS.527.2452M', '2018TNSTR.982....1B', '2023arXiv230813595C']",,0.018,True,False,/home/nfranz/astro-otter/otterdb/.otter/AT2018dyb.json
123,2018bsi,"['ZTF18aahqkbt', '2018bsi', 'AT2018bsi']",123d51m39.5091144s,45d35m32.011782s,"['2021ApJ...908....4V', '2024MNRAS.527.2452M', '2023ApJ...957...86H', '2018TNSTR.652....1F', '2020TNSCR2260....1D']",58217.21199074074,0.051,True,False,/home/nfranz/astro-otter/otterdb/.otter/AT2018bsi.json
124,SRGE J161001.2+330121,['SRGE J161001.2+330121'],242d30m21.312s,33d01m20.6976s,"['2021MNRAS.508.3820S', '2023PASP..135c4101G']",2020-08-14 00:00:00.000,0.1309,False,False,/home/nfranz/astro-otter/otterdb/.otter/SRGE-J161001.2+330121.json
125,2020ddv,"['ATLAS20gee', 'ZTF20aamqmfk', '2020ddv', 'AT2020ddv']",149d38m21.2473464s,46d54m40.4297676s,"['2023ApJ...942....9H', '2024MNRAS.527.2452M', '2023ApJ...957...86H', '2020TNSTR.605....1T']",58900.44699074074,0.16,True,False,/home/nfranz/astro-otter/otterdb/.otter/AT2020ddv.json
126,FIRST J153350.8+272729,['FIRST J153350.8+272729'],233d27m43.2s,27d27m29.618s,['2022ApJ...925..220R'],1995-04-16 00:00:00.000,0.03243,True,False,/home/nfranz/astro-otter/otterdb/.otter/FIRST-J153350.8+272729.json
127,PS1-10jh,['PS1-10jh'],242d22m04.35s,53d40m23.52s,"['2017ApJ...838..149A', '2016A&A...594A..13P', '2015ApJ...815L...5G', '2012Natur.485..217G', '2011ApJ...737..103S', '2017ApJ...835...64G', '2000A&AS..143....9W', '2024MNRAS.527.2452M', '2017MNRAS.471.1694W', '2023PASP..135c4101G']",2010-05-16 00:00:00.000,0.1696,True,False,/home/nfranz/astro-otter/otterdb/.otter/PS1-10jh.json
128,2021nwa,"['ATLAS21sjl', 'ZTF21abcgnqn', '2021nwa', 'AT2021nwa']",238d27m49.0435596s,55d35m19.82688s,"['2022ApJ...925...67L', '2024MNRAS.527.2452M', '2021TNSTR1845....1D', '2021TNSCR2155....1Y', ' 2023TNSCR2004....1Y']",59345.38744,0.047,True,False,/home/nfranz/astro-otter/otterdb/.otter/AT2021nwa.json
129,2021yzv,"['2021yzv', 'ZTF21abxngcz', 'AT2021yzv']",105d16m39.05724s,40d49m30.55908s,"['2022ApJ...925...67L', '2024MNRAS.527.2452M', '2021TNSTR3208....1F', '2022TNSCR.363....1C', ' 2023TNSCR2004....1Y']",59442.501,0.286,True,False,/home/nfranz/astro-otter/otterdb/.otter/AT2021yzv.json
130,ASASSN-20il,"['AT 2020pom', 'ASASSN-20il']",75d47m49.5s,-22d48m52.1s,"['ASAS-SN Supernovae', '2014ApJ...788...48S', '2020TNSTR.189....1B', '2023PASP..135c4101G']",2020-07-08 04:19:12.000,0.015841,False,False,/home/nfranz/astro-otter/otterdb/.otter/ASASSN-20il.json
131,J141036,['J141036'],212d39m12.15s,26d54m25s,"['2018arXiv180205105W', '2016A&A...594A..13P', '2011ApJ...737..103S', '2017ApJ...835...64G', '2018MNRAS.477.2943W', '2023PASP..135c4101G']",2009-04-24 00:00:00.000,0.1071,True,False,/home/nfranz/astro-otter/otterdb/.otter/J141036.json
132,2023cvb,"['2023cvb', 'ZTF23aadcbay', 'ATLAS23dht', 'AT2023cvb']",288d36m25.2108s,41d40m09.3036s,"['2023TNSAN.102....1Y', '2024MNRAS.527.2452M', '2023TNSTR.494....1T', '2023TNSCR.962....1Y']",60009.61634,0.071,True,False,/home/nfranz/astro-otter/otterdb/.otter/AT2023cvb.json
133,2020neh,"['ATLAS20qkz', 'PS20elo', 'Gaia20cxg', 'ZTF20abgwfek', '2020neh', 'AT2020neh']",230d20m01.2355548s,14d04m10.5269304s,"['2022NatAs...6.1452A', '2024MNRAS.527.2452M', '2023ApJ...955L...6Y', '2020TNSTR1886....1N', '2023arXiv230813595C', '2020TNSCR2126....1D']",59019.25472,0.062,True,False,/home/nfranz/astro-otter/otterdb/.otter/AT2020neh.json
134,2019cho,"['ZTF19aakiwze', '2019cho', 'AT2019cho']",193d47m18.1464s,49d31m09.9264s,"['2021ApJ...908....4V', '2024MNRAS.527.2452M', '2019TNSTR.444....1N']",58526.51965277778,0.193,True,False,/home/nfranz/astro-otter/otterdb/.otter/AT2019cho.json
135,3XMM J150052.0+015452,"['XJ1500+0154', '3XMM J150052.0+015452']",225d13m00s,1d54m52s,"['2017NatAs...1E..33L', '2016A&A...594A..13P', '2011ApJ...737..103S', '2017ApJ...835...64G', '2023PASP..135c4101G']",2005-07-23 00:00:00.000,0.145,False,False,/home/nfranz/astro-otter/otterdb/.otter/XJ1500+0154.json
136,2021zlg,"['Gaia21egv', '2021zlg', 'PS1-10adi']",310d41m11.1s,15d30m32.1s,"['2017arXiv171104577K', '2016A&A...594A..13P', '2011ApJ...737..103S', '2017ApJ...835...64G', '2017NatAs...1..865K', '2023PASP..135c4101G', '2021TNSTR3297....1H']",2010-01-01 00:00:00.000,0.203,True,False,/home/nfranz/astro-otter/otterdb/.otter/PS1-10adi.json
137,PS1-13jw,['PS1-13jw'],131d13m23.4s,42d57m44.8s,"['2017arXiv171104577K', '2016A&A...594A..13P', '2011ApJ...737..103S', '2017ApJ...835...64G', '2017NatAs...1..865K', '2023PASP..135c4101G']",2013-01-01 00:00:00.000,0.345,False,False,/home/nfranz/astro-otter/otterdb/.otter/PS1-13jw.json
138,LEDA 095953,['LEDA 095953'],206d52m34.95s,-32d54m50.63s,"['2017ApJ...838..149A', '2016A&A...594A..13P', '2011ApJ...737..103S', '2009A&A...495L...9C', '2017ApJ...835...64G', '2023PASP..135c4101G']",1991-07-06 00:00:00.000,0.0366,True,False,/home/nfranz/astro-otter/otterdb/.otter/LEDA-095953.json
139,SRGE J071310.6+725627,['SRGE J071310.6+725627'],108d17m37.806s,72d56m26.7036s,"['2021MNRAS.508.3820S', '2023PASP..135c4101G']",2020-10-11 00:00:00.000,0.104,False,False,/home/nfranz/astro-otter/otterdb/.otter/SRGE-J071310.6+725627.json
140,2020abri,"['2020abri', 'ATLAS20biig', 'ZTF20acvezvs', 'AT2020abri']",202d19m19.12728s,19d40m15.5082s,"['2022ApJ...925...67L', '2024MNRAS.527.2452M', '2020TNSTR3666....1F', '2023TNSCR2004....1Y']",59184.529050902776,0.178,True,False,/home/nfranz/astro-otter/otterdb/.otter/AT2020abri.json
141,Gaia 16aax,['Gaia 16aax'],218d34m30s,12d49m37s,"['2017IAUS..324..127W', '2020MNRAS.493..477C', '2023PASP..135c4101G']",2016-01-26 00:00:00.000,0.248,False,False,/home/nfranz/astro-otter/otterdb/.otter/Gaia-16aax.json
142,XMMSL1 J131952.3+225958,['XMMSL1 J131952.3+225958'],199d58m00s,22d59m58s,"['2020ApJ...891..121L', '2023PASP..135c4101G']",2005-07-15 00:00:00.000,0.023,False,False,/home/nfranz/astro-otter/otterdb/.otter/XMMSL1-J131952.3+225958.json
143,PS1-11af,['PS1-11af'],149d21m42.3s,3d14m01s,"['2017ApJ...838..149A', '2016A&A...594A..13P', '2014ApJ...780...44C', '2013arXiv1309.3009C', '2011ApJ...737..103S', '2017ApJ...835...64G', '2000A&AS..143....9W', '2024MNRAS.527.2452M', '2023PASP..135c4101G']",2010-12-30 00:00:00.000,0.4046,True,False,/home/nfranz/astro-otter/otterdb/.otter/PS1-11af.json
144,iPTF-15af,"['iPTF15af', 'iPTF-15af']",132d07m02.052984s,22d03m33.4962216s,"['2019ApJ...873...92B', '2024MNRAS.527.2452M', '2017MNRAS.471.1694W', '2023arXiv230813595C']",,0.07897,True,False,/home/nfranz/astro-otter/otterdb/.otter/iPTF-15af.json
145,3XMM J152130.7+074916,['3XMM J152130.7+074916'],230d22m41.25s,7d49m16.7s,"['2017ApJ...838..149A', '2016A&A...594A..13P', '2015ApJ...811...43L', '2011ApJ...737..103S', '2017ApJ...835...64G', '2021SSRv..217...18S', '2023PASP..135c4101G']",2000-08-23 00:00:00.000,0.17901,True,False,/home/nfranz/astro-otter/otterdb/.otter/3XMM-J152130.7+074916.json
146,D1-9,"['GALEX-D1-9', 'D1-9']",36d19m14.52s,-4d32m58.92s,"['2017ApJ...838..149A', '2016A&A...594A..13P', '2011ApJ...737..103S', '2008ApJ...676..944G', '2017ApJ...835...64G', '2006ApJ...653L..25G', '2024MNRAS.527.2452M', '2023PASP..135c4101G']",2004-08-12 00:00:00.000,0.326,True,False,/home/nfranz/astro-otter/otterdb/.otter/D1-9.json
147,NGC 5905,['NGC 5905'],228d50m49.8s,55d31m01.59s,"['2017ApJ...838..149A', '2016A&A...594A..13P', '1996A&A...309L..35B', '2017ApJ...835...64G', '2023PASP..135c4101G']",1990-07-11 00:00:00.000,0.01124,True,False,/home/nfranz/astro-otter/otterdb/.otter/NGC-5905.json
148,2018lna,"['2018lna', 'ZTF19aabbnzo', 'AT2018lna']",105d49m39.7344s,23d01m44.6988s,"['2021ApJ...908....4V', '2024MNRAS.527.2452M', '2023ApJ...957...86H', '2019TNSTR.250....1F', '2023arXiv230813595C', '2020TNSCR2246....1D']",58480.28498842593,0.091,True,False,/home/nfranz/astro-otter/otterdb/.otter/AT2018lna.json
149,NGC 3599,['NGC 3599'],168d51m44.25s,18d06m37.33s,"['2017ApJ...838..149A', '2016A&A...594A..13P', '2007A&A...462L..49E', '2017ApJ...835...64G', '2017IAUS..324..123S', '2023PASP..135c4101G']",2002-05-27 00:00:00.000,0.002699,True,False,/home/nfranz/astro-otter/otterdb/.otter/NGC-3599.json
150,SDSSJ1342,"['SDSS J1342', 'SDSSJ1342', 'J134244']",205d41m06.3s,5d30m56.14s,"['2017ApJ...838..149A', '2016A&A...594A..13P', '2012ApJ...749..115W', '2017ApJ...835...64G', '2018arXiv180205105W', '2011ApJ...737..103S', '2018MNRAS.477.2943W', '2023PASP..135c4101G', '2013ApJ...774...46Y']",2009-05-17 00:00:00.000,0.0366,True,False,/home/nfranz/astro-otter/otterdb/.otter/SDSSJ1342.json
151,2022agi,"['2022agi', 'Gaia22ahd', 'F01004-2237', 'CSS:010250.0-222157', 'SSS:010250.0-222157']",15d42m30.105s,-22d21m57.22s,"['2017NatAs...1E..61T', '2016A&A...594A..13P', '2011ApJ...737..103S', 'MAST', '2017ApJ...835...64G', '2023PASP..135c4101G', '2022TNSTR.188....1H']",2010-06-25 00:00:00.000,0.117835,True,False,/home/nfranz/astro-otter/otterdb/.otter/F01004-2237.json
152,J091225,['J091225'],138d06m15.15s,6d10m14.8s,"['2018arXiv180205105W', '2016A&A...594A..13P', '2011ApJ...737..103S', '2017ApJ...835...64G', '2018MNRAS.477.2943W', '2023PASP..135c4101G']",2009-02-09 00:00:00.000,0.1453,True,False,/home/nfranz/astro-otter/otterdb/.otter/J091225.json
153,2021jjm,"['PS21fhy', '2021jjm', 'ZTF21aauuybx', 'ATLAS21mwd', 'AT2021jjm']",219d52m39.99s,-27d51m30.65688s,"['2022ApJ...925...67L', '2024MNRAS.527.2452M', '2021TNSTR1158....1M', '2021TNSCR1632....1Y']",59312.41996530093,0.153,True,False,/home/nfranz/astro-otter/otterdb/.otter/AT2021jjm.json
154,2023rvb,"['ZTF23abaujuy', '2023rvb', 'ATLAS23spi', 'AT2023rvb']",290d18m08.23752s,-22d38m39.60132s,"['2023TNSAN.326....1H', '2024MNRAS.527.2452M', '2023TNSTR2204....1M', '2023TNSCR3112....1H']",60191.168287002314,0.0815,True,False,/home/nfranz/astro-otter/otterdb/.otter/AT2023rvb.json
155,2021ack,"['ATLAS21blz', '2021ack', 'ZTF20acyydkh', 'AT2021ack']",208d17m29.8266s,9d44m25.34712s,"['2021TNSCR.732....1H', '2024MNRAS.527.2452M', '2021TNSTR.114....1T']",59226.62,0.133,True,False,/home/nfranz/astro-otter/otterdb/.otter/AT2021ack.json
156,2020riz,"['2020riz', 'PS20jop', 'ZTF20abrnwfc', 'AT2020riz']",32d37m41.3256s,9d04m26.7744s,"['2023ApJ...942....9H', '2024MNRAS.527.2452M', '2020TNSTR2500....1P']",59061.46774305555,0.434,True,False,/home/nfranz/astro-otter/otterdb/.otter/AT2020riz.json
157,2020ysg,"['PS21cru', '2020ysg', 'ZTF20abnorit', 'ATLAS20bjqp', 'AT2020ysg']",171d21m30.384s,27d26m26.1564s,"['2023ApJ...942....9H', '2024MNRAS.527.2452M', '2020TNSTR3332....1N']",59150.51602,0.277,True,False,/home/nfranz/astro-otter/otterdb/.otter/AT2020ysg.json
158,ASASSN-15lh,['ASASSN-15lh'],330d33m52.35s,-61d39m33.6s,"['2017ApJ...838..149A', '2016Sci...351..257D', '2016arXiv160902927L', '2016A&A...594A..13P', '2015arXiv150703010D', '2015ATel.7642....1N', '2014Ap&SS.354...89B', '2011ApJ...737..103S', 'ASAS-SN Supernovae', 'MAST', '2017ApJ...835...64G', '2012PASP..124..668Y', '2024MNRAS.527.2452M', '2018A&A...610A..14K', '2023PASP..135c4101G']",2015-06-14 06:00:00.000,0.2326,True,False,/home/nfranz/astro-otter/otterdb/.otter/ASASSN-15lh.json
159,2019mha,"['2019mha', 'ATLAS19qqu', 'ZTF19abhejal', 'AT2019mha']",244d06m56.7960408s,56d25m56.353224s,"['2021ApJ...908....4V', '2024MNRAS.527.2452M', '2019TNSTR1392....1T']",58694.32399305556,0.148,True,False,/home/nfranz/astro-otter/otterdb/.otter/AT2019mha.json
160,2019teq,"['ZTF19accmaxo', '2019teq', 'AT2019teq']",284d46m22.3788s,47d31m05.6136s,"['2023ApJ...942....9H', '2024MNRAS.527.2452M', '2019TNSTR2172....1N', '2023arXiv230813595C', '2020TNSCR2829....1H']",58776.11638888889,0.0874,True,False,/home/nfranz/astro-otter/otterdb/.otter/AT2019teq.json
161,2022lri,"['2022lri', 'ATLAS22pnz', 'ZTF22abajudi', 'PS22hiq', 'AT2022lri']",35d02m00.1788s,-22d43m15.2472s,"['2022TNSAN.223....1Y', '2024MNRAS.527.2452M', '2022TNSTR1521....1T', '2022TNSCR3103....1Y']",59731.15674,0.0328,True,False,/home/nfranz/astro-otter/otterdb/.otter/AT2022lri.json
162,2MASX J01190869-3411305,['2MASX J01190869-3411305'],19d47m00s,-34d11m30s,"['2019Natur.573..381M', '2023PASP..135c4101G']",2010-07-14 00:00:00.000,0.018,False,False,/home/nfranz/astro-otter/otterdb/.otter/2MASX-J01190869-3411305.json
163,SDSSJ1201,"['SDSS J1201+30', 'SDSSJ1201']",180d24m00.45s,30d03m05.52s,"['2017ApJ...838..149A', '2016A&A...594A..13P', '2012A&A...541A.106S', '2017ApJ...835...64G', '2017IAUS..324..123S', '2023PASP..135c4101G']",2010-06-10 00:00:00.000,0.146,True,False,/home/nfranz/astro-otter/otterdb/.otter/SDSSJ1201.json
164,2018fyk,"['2018fyk', 'ASASSN-18ul', 'Gaia18cyc', 'AT 2018fyk', 'AT2018fyk']",342d34m01.3730556s,-44d51m53.50214628s,"['2019MNRAS.488.4816W', '2024MNRAS.527.2452M', '2020MNRAS.497L...1W', '2018ATel12040....1W', '2020ApJ...893L...1W', '2021ApJ...912..151W', '2023PASP..135c4101G', '2018TNSTR1325....1S', '2023arXiv230813595C', '2018TNSCR1397....1W']",2018-09-08 00:00:00.000,0.059,True,False,/home/nfranz/astro-otter/otterdb/.otter/AT2018fyk.json
165,ASASSN-14li,['ASASSN-14li'],192d03m48.3795s,17d46m26.475s,"['2016ApJ...819L..25A', '2016Sci...351...62V', '2016ApJ...832L..10R', '2018MNRAS.475.4011B', '2017ApJ...838..149A', '2016MNRAS.455.2918H', '2016arXiv160103331C', '2016A&A...594A..13P', '2015Natur.526..542M', '2015arXiv150701598H', '2014ATel.6777....1J', '2011ApJ...737..103S', 'ASAS-SN Supernovae', 'MAST', '2017ApJ...835...64G', '2012PASP..124..668Y', '2024MNRAS.527.2452M', '2017MNRAS.471.1694W', '2023PASP..135c4101G']",2014-11-22 15:07:12.000,0.0206,True,False,/home/nfranz/astro-otter/otterdb/.otter/ASASSN-14li.json
166,SRGE J091747.6+524821,['SRGE J091747.6+524821'],139d26m50.9712s,52d48m20.286s,"['2021MNRAS.508.3820S', '2023PASP..135c4101G']",2020-10-28 00:00:00.000,0.1876,False,False,/home/nfranz/astro-otter/otterdb/.otter/SRGE-J091747.6+524821.json
167,XMMSL2 J144605.0+685735,['XMMSL2 J144605.0+685735'],221d31m15s,68d57m31s,"['2019A&A...630A..98S', '2023PASP..135c4101G']",2006-08-22 00:00:00.000,0.029,False,False,/home/nfranz/astro-otter/otterdb/.otter/XMMSL2-J144605.0+685735.json
168,XMMSL1 J063045.9-603110,['XMMSL1 J063045.9-603110'],97d41m30s,-60d31m10s,"['2011ATel.3811....1R', '2016A&A...592A..41M', '2017AJ....153..144O', '2023PASP..135c4101G']",2011-12-01 00:00:00.000,0.014,False,False,/home/nfranz/astro-otter/otterdb/.otter/XMMSL1-J063045.9-603110.json
169,PGC 1185375,['PGC 1185375'],225d57m36s,1d07m37.2s,"['2017ApJ...838..149A', '2016A&A...594A..13P', '2015arXiv150506612H', '2011ApJ...737..103S', '2017ApJ...835...64G', '2016A&A...586A...9H', '2023PASP..135c4101G']",2010-02-03 00:00:00.000,0.00523,True,False,/home/nfranz/astro-otter/otterdb/.otter/PGC-1185375.json
170,J123715,['J123715'],189d18m46.5s,60d12m07s,"['2018arXiv180205105W', '2016A&A...594A..13P', '2011ApJ...737..103S', '2017ApJ...835...64G', '2018MNRAS.477.2943W', '2023PASP..135c4101G']",2010-01-23 00:00:00.000,0.2164,True,False,/home/nfranz/astro-otter/otterdb/.otter/J123715.json
171,D3-13,"['GALEX-D3-13', 'D3-13']",214d52m26.4s,52d52m06.24s,"['2017ApJ...838..149A', '2016A&A...594A..13P', '2011ApJ...737..103S', '2008ApJ...676..944G', '2006ApJ...653L..25G', '2017ApJ...835...64G', '2024MNRAS.527.2452M', '2017MNRAS.471.1694W', '2023PASP..135c4101G']",2004-01-15 00:00:00.000,0.3698,True,False,/home/nfranz/astro-otter/otterdb/.otter/D3-13.json
172,SRGE J153503.4+455056,['SRGE J153503.4+455056'],233d45m47.4192s,45d50m54.9528s,"['2021MNRAS.508.3820S', '2023PASP..135c4101G']",2020-07-13 00:00:00.000,0.2314,False,False,/home/nfranz/astro-otter/otterdb/.otter/SRGE-J153503.4+455056.json
173,TDE1,"['SDSS-TDE1', 'TDE1']",355d30m21.09s,1d06m29.3s,"['2017ApJ...838..149A', '2016A&A...594A..13P', '2011ApJ...741...73V', '2011ApJ...737..103S', '2017ApJ...835...64G', '2000A&AS..143....9W', '2024MNRAS.527.2452M', '2017MNRAS.471.1694W', '2023PASP..135c4101G']",2006-08-27 00:00:00.000,0.136,True,False,/home/nfranz/astro-otter/otterdb/.otter/TDE1.json
174,PS1-12yp,"['SDSSJ133155', 'CSS120301:133156+235405', 'PS1-12yp']",202d58m58.65s,23d54m05.7s,"['2017ApJ...838..149A', '2016MNRAS.463..296L', '2011ApJ...737..103S', '2017ApJ...835...64G', '2023PASP..135c4101G']",2012-03-01 00:00:00.000,0.581,True,False,/home/nfranz/astro-otter/otterdb/.otter/PS1-12yp.json
175,2021lo,"['2021lo', 'ZTF21aabiipy', 'ATLAS21dma', 'AT2021lo']",46d06m35.0784s,4d44m44.43684s,"['2022TNSCR.620....1Y', '2024MNRAS.527.2452M', '2021TNSTR..54....1M']",59218.17627310185,0.152,True,False,/home/nfranz/astro-otter/otterdb/.otter/AT2021lo.json
176,2021uvz,"['2021uvz', 'ATLAS21bdzu', 'ZTF21abmwftm', 'AT2021uvz']",263d12m37.82664s,33d01m58.1862s,"['2022TNSCR.925....1Y', '2024MNRAS.527.2452M', '2021TNSTR2682....1F']",59407.261,0.176,True,False,/home/nfranz/astro-otter/otterdb/.otter/AT2021uvz.json
177,AT2019ahk,"['ASASSN-19bt', 'AT2019ahk']",105d02m50.8596s,-66d02m24.7704s,"['2019ApJ...883..111H', '2024MNRAS.527.2452M', ' 2019TNSCR.288....1P', '2019TNSTR.167....1S', '2024arXiv240412431C']",2458513.41,0.0262,True,False,/home/nfranz/astro-otter/otterdb/.otter/AT2019ahk.json
178,Gaia 16aka,['Gaia 16aka'],222d02m00s,37d13m59s,"['2016TNSTR.480....1D', '2017IAUS..324..127W', '2023PASP..135c4101G']",2016-03-31 00:00:00.000,0.31,False,False,/home/nfranz/astro-otter/otterdb/.otter/Gaia-16aka.json
179,PTF09ge,"['PTF 09ge', 'PTF-09ge', 'PTF09ge', 'K0905-001']",224d15m46.5s,49d36m40.8s,"['2017ApJ...838..149A', '2016A&A...594A..13P', '2014ApJ...793...38A', '2011ApJ...737..103S', '2009PASP..121.1395L', 'MAST', '2017ApJ...835...64G', '2012PASP..124..668Y', '2000A&AS..143....9W', '2024MNRAS.527.2452M', '2017MNRAS.471.1694W', '2023PASP..135c4101G']",2009-05-07 00:00:00.000,0.064,True,False,/home/nfranz/astro-otter/otterdb/.otter/PTF09ge.json
180,2022hvp,"['ATLAS22mlo', 'Gaia22clk', 'ZTF22aagyuao', '2022hvp', 'AT2022hvp']",148d41m18.6792s,55d26m25.4004s,"['2022TNSAN.106....1F', '2024MNRAS.527.2452M', '2022TNSTR1012....1M', '2022TNSCR1214....1F']",59688.28005790509,0.112,True,False,/home/nfranz/astro-otter/otterdb/.otter/AT2022hvp.json
181,PGC 1190358,['PGC 1190358'],226d22m08.4s,1d17m31.2s,"['2017ApJ...838..149A', '2016A&A...594A..13P', '2015arXiv150506612H', '2011ApJ...737..103S', '2017ApJ...835...64G', '2016A&A...586A...9H', '2023PASP..135c4101G']",2009-12-29 00:00:00.000,0.00766,True,False,/home/nfranz/astro-otter/otterdb/.otter/PGC-1190358.json
182,2020opy,"['2020opy', 'PS20fxm', 'ZTF20abjwvae', 'AT2020opy']",239d06m25.92s,23d22m21.15s,"['2023MNRAS.518..847G', '2023ApJ...942....9H', '2024MNRAS.527.2452M', '2020TNSTR2111....1M']",59038.23,0.159,True,False,/home/nfranz/astro-otter/otterdb/.otter/AT2020opy.json
183,2021gje,"['ZTF21aapvvtb', 'ATLAS21kpm', '2021gje', 'AT2021gje']",252d31m49.86768s,34d49m07.70988s,"['2021TNSCR1723....1H', '2024MNRAS.527.2452M', '2021TNSTR.815....1M', '2021TNSCR1722....1H', ' 2021TNSCR1723....1H']",59291.489282395836,0.358,True,False,/home/nfranz/astro-otter/otterdb/.otter/AT2021gje.json
184,ARP 299-B AT1,['ARP 299-B AT1'],172d07m44.8125s,58d33m40.783s,['2018Sci...361..482M'],53401.0,0.010411,True,False,/home/nfranz/astro-otter/otterdb/.otter/ARP-299-B-AT1.json
185,Dougie,['Dougie'],182d11m58.05s,43d01m20.01s,"['2017ApJ...838..149A', '2016A&A...594A..13P', '2015ApJ...798...12V', '2014arXiv1410.6014V', '2011ApJ...737..103S', '2017ApJ...835...64G', '2023PASP..135c4101G']",2009-01-17 00:00:00.000,0.191,True,False,/home/nfranz/astro-otter/otterdb/.otter/Dougie.json
186,SDSSJ1311,['SDSSJ1311'],170d33m00s,-1d23m45.2s,"['2017ApJ...838..149A', '2016A&A...594A..13P', '2011ApJ...737..103S', '2010ApJ...722.1035M', '2017ApJ...835...64G']",2004-02-28 00:00:00.000,0.18,True,False,/home/nfranz/astro-otter/otterdb/.otter/SDSSJ1311.json
187,2022rz,"['ZTF22aaaedas', 'ATLAS22bqy', '2022rz', 'AT2022rz']",234d29m24.05472s,56d16m17.82876s,"['2022TNSCR.891....1H', '2024MNRAS.527.2452M', '2022TNSTR.118....1T']",59592.602,0.107,True,False,/home/nfranz/astro-otter/otterdb/.otter/AT2022rz.json
188,J030257,['J030257'],45d44m17.1s,-8d29m42.9s,"['2018arXiv180205105W', '2016A&A...594A..13P', '2011ApJ...737..103S', '2017ApJ...835...64G', '2018MNRAS.477.2943W', '2023PASP..135c4101G']",2009-11-08 00:00:00.000,0.1056,True,False,/home/nfranz/astro-otter/otterdb/.otter/J030257.json
189,RBS 1032,['RBS 1032'],176d51m42s,49d42m59s,"['2017ApJ...838..149A', '2016A&A...594A..13P', '2014ApJ...792L..29M', '2017ApJ...835...64G', '2023PASP..135c4101G']",1990-11-05 00:00:00.000,0.026,True,False,/home/nfranz/astro-otter/otterdb/.otter/RBS-1032.json
190,2020mbq,"['ATLAS20pfz', 'PS20grv', '2020mbq', 'ZTF20abefeab', 'AT2020mbq']",235d03m48.9204s,25d00m04.8276s,"['2023ApJ...942....9H', '2024MNRAS.527.2452M', '2020TNSTR1723....1F']",59009.25196760417,0.093,True,False,/home/nfranz/astro-otter/otterdb/.otter/AT2020mbq.json
191,2020ocn,"['2020ocn', 'ZTF18aakelin', 'AT2020ocn', 'AT 2020ocn']",208d28m27.0160428s,53d59m49.7309352s,"['2023ApJ...942....9H', '2024MNRAS.527.2452M', '2023ApJ...957...86H', '2020ATel13859....1G', '2020ATel13864....1P', '2020TNSTR.419....1F', '2021ARA&A..59..117R', '2021ApJ...908L..20H', '2023PASP..135c4101G', '2020TNSTR2059....1F']",2020-04-29 00:00:00.000,0.0705,True,False,/home/nfranz/astro-otter/otterdb/.otter/AT2020ocn.json
192,2021ehb,"['2021ehb', 'ZTF21aanxhjv', 'ATLAS21jdy', 'AT2021ehb']",46d56m57.39972s,40d18m40.44816s,"['2022ApJ...937....8Y', '2024MNRAS.527.2452M', '2022ApJ...925...67L', '2021TNSTR.651....1M', '2021TNSCR2295....1Y', ' 2022TNSCR2102....1Y']",59274.143090300924,0.017,True,False,/home/nfranz/astro-otter/otterdb/.otter/AT2021ehb.json
193,J133737,['J133737'],204d24m16.95s,20d23m51.7s,"['2018arXiv180205105W', '2016A&A...594A..13P', '2011ApJ...737..103S', '2017ApJ...835...64G', '2018MNRAS.477.2943W', '2023PASP..135c4101G']",2009-04-12 00:00:00.000,0.0725,True,False,/home/nfranz/astro-otter/otterdb/.otter/J133737.json
